date,dau,revenue_usd,avg_session_length_min,crash_rate_pct
2026-01-01,7954,664.39,6.16,0.442
2026-01-02,7992,577.63,6.32,0.384
2026-01-03,9196,790.73,6.29,0.47
2026-01-04,9560,821.55,5.93,0.339
2026-01-05,8213,789.68,6.22,0.394
2026-01-06,8340,605.89,6.08,0.429
2026-01-07,8486,703.99,6.34,0.415
2026-01-08,8491,641.39,6.41,0.309
2026-01-09,7400,590.85,5.86,0.453
2026-01-10,9799,731.35,6.52,0.34
2026-01-11,9550,787.92,6.24,0.449
2026-01-12,8580,754.85,6.44,0.429
2026-01-13,8189,646.16,6.03,0.43
2026-01-14,8349,875.42,5.9,0.334
2026-01-15,8727,5930.82,6.39,0.45
2026-01-16,8985,4160.97,5.67,0.368
2026-01-17,10187,740.92,6.21,0.415
2026-01-18,9727,886.65,6.42,0.539
2026-01-19,8813,703.48,5.99,0.35
2026-01-20,8962,718.61,6.17,0.445
2026-01-21,8416,694.34,5.52,0.335
2026-01-22,8502,752.75,6.64,0.399
2026-01-23,8825,762.69,6.6,0.454
2026-01-24,10192,778.74,6.54,0.423
2026-01-25,10617,899.72,6.93,0.378
2026-01-26,9396,807.87,6.01,0.332
2026-01-27,8813,855.74,6.5,0.441
2026-01-28,8054,733.28,6.41,0.367
2026-01-29,8709,740.11,6.84,0.337
2026-01-30,8813,851.14,6.03,0.378
2026-01-31,4676,773.56,6.28,0.327
2026-02-01,10756,914.56,7.05,3.752
2026-02-02,9562,706.84,6.15,0.419
2026-02-03,9735,688.41,6.57,0.435
2026-02-04,9694,882.65,6.22,0.369
2026-02-05,8709,754.73,6.13,0.521
2026-02-06,8975,787.33,5.62,0.376
2026-02-07,10729,987.13,6.74,0.397
2026-02-08,10180,904.96,6.39,0.429
2026-02-09,9039,855.44,6.23,0.442
2026-02-10,9809,884.56,6.31,0.529
2026-02-11,9458,780.13,6.24,0.489
2026-02-12,9445,844.49,6.64,0.369
2026-02-13,8782,768.81,6.29,0.364
2026-02-14,11266,1015.79,5.83,0.431
2026-02-15,23846,1726.35,6.37,0.397
2026-02-16,20348,1820.04,6.38,0.365
2026-02-17,21384,2002.12,5.93,0.423
2026-02-18,21122,2202.24,5.51,0.442
2026-02-19,20934,1761.54,6.91,0.399
2026-02-20,23173,1882.61,6.33,0.371
2026-02-21,23863,2041.03,6.09,0.412
2026-02-22,10251,1045.8,6.14,0.505
2026-02-23,9373,820.03,7.38,0.348
2026-02-24,9214,740.38,6.38,0.442
2026-02-25,10341,856.38,2.24,0.374
2026-02-26,10356,921.26,2.74,0.398
2026-02-27,10454,1077.52,6.41,0.419
2026-02-28,10857,845.0,6.22,0.43
2026-03-01,11728,949.18,5.77,0.353
2026-03-02,9537,862.82,5.34,0.38
2026-03-03,10214,1000.32,6.23,0.46
2026-03-04,9906,779.33,5.95,0.492
2026-03-05,10502,936.15,7.44,0.398
2026-03-06,10385,909.86,6.12,0.539
2026-03-07,12396,906.22,6.05,0.426
2026-03-08,12097,889.63,5.36,0.286
2026-03-09,10204,858.41,6.33,0.354
2026-03-10,9764,662.03,6.32,0.422
2026-03-11,10709,982.26,6.13,0.481
2026-03-12,10277,815.82,6.01,0.365
2026-03-13,9469,817.41,6.29,0.378
2026-03-14,11618,307.29,6.84,0.402
2026-03-15,11755,940.06,6.17,0.324
2026-03-16,10414,890.62,6.89,0.457
2026-03-17,10934,863.15,6.45,0.332
2026-03-18,10665,944.46,5.91,0.52
2026-03-19,10806,743.78,6.41,0.376
2026-03-20,10601,943.02,6.35,0.278
2026-03-21,11662,1067.84,6.68,0.514
2026-03-22,13151,888.09,6.49,0.285
2026-03-23,11391,992.73,5.78,0.521
2026-03-24,11010,758.85,6.31,0.356
2026-03-25,10815,876.48,6.71,0.315
2026-03-26,10937,1098.31,5.89,0.413
2026-03-27,10921,864.25,6.44,0.406
2026-03-28,12025,1202.22,6.49,0.39
2026-03-29,12216,956.9,6.66,0.391
2026-03-30,11134,928.95,6.43,0.393
2026-03-31,11302,943.05,6.51,0.44
2026-04-01,20803,850.62,5.85,0.356
2026-04-02,10599,2740.92,6.18,0.494
2026-04-03,12076,1028.92,5.62,0.377
2026-04-04,12727,920.74,6.11,0.417
2026-04-05,12568,986.19,5.92,0.507
2026-04-06,11095,864.83,6.06,0.457
2026-04-07,10893,970.54,6.47,0.445
2026-04-08,11862,952.79,6.62,0.352
2026-04-09,11088,1055.2,6.51,0.4
2026-04-10,10761,966.1,5.97,0.345
2026-04-11,12695,1105.71,5.41,0.422
2026-04-12,13163,1053.42,6.59,0.437
2026-04-13,11124,882.15,6.46,0.309
2026-04-14,11281,898.39,6.23,0.413
2026-04-15,11484,1086.87,6.28,0.381
2026-04-16,10943,997.3,6.4,0.487
2026-04-17,11189,953.54,6.18,0.395
2026-04-18,13307,937.18,6.51,0.439
2026-04-19,13943,1451.79,6.08,2.387
2026-04-20,11638,1181.35,5.56,0.429
2026-04-21,10980,692.38,5.45,0.317
2026-04-22,12200,946.97,6.12,0.33
2026-04-23,12020,909.12,6.69,0.34
2026-04-24,11407,981.47,6.21,0.485
2026-04-25,13635,1019.02,5.99,0.366
2026-04-26,14003,1235.94,6.16,0.452
2026-04-27,11616,973.89,6.27,0.492
2026-04-28,11853,972.17,5.81,0.441
2026-04-29,11653,1024.53,5.49,0.463
2026-04-30,11329,888.12,6.59,0.32
